10,7,1,1622,3000,1,0,0,1,1,0,1,100,0
10,7,2,16456,500,1,0,0,1,1,0,1,20,0
10,6,3,14391,500,1,0,0,1,1,0,1,0,1
10,6,4,14392,500,1,0,0,1,1,0,1,0,1
10,6,5,14393,500,1,0,0,1,1,0,1,0,1
10,6,6,14394,500,1,0,0,1,1,0,1,0,1
10,6,7,14395,500,1,0,0,1,1,0,1,0,1
10,6,8,14396,500,1,0,0,1,1,0,1,0,1
10,6,9,14397,500,1,0,0,1,1,0,1,0,1
10,6,10,14398,500,1,0,0,1,1,0,1,0,1
10,6,11,14399,500,1,0,0,1,1,0,1,0,1
10,6,12,2146,25,1,0,0,1,1,0,1,0,0
10,6,13,2147,25,1,0,0,1,1,0,1,0,0
10,6,14,2148,25,1,0,0,1,1,0,1,0,0
10,6,15,2149,25,1,0,0,1,1,0,1,0,0
10,6,16,2150,25,1,0,0,1,1,0,1,0,0
10,6,17,2151,25,1,0,0,1,1,0,1,0,0
10,6,18,2152,25,1,0,0,1,1,0,1,0,0
10,6,19,2153,25,1,0,0,1,1,0,1,0,0
10,6,20,2154,25,1,0,0,1,1,0,1,0,0
10,6,21,2155,25,1,0,0,1,1,0,1,0,0
10,6,22,4398,25,1,0,0,1,1,0,1,0,0
10,6,23,12460,25,1,0,0,1,1,0,1,0,0
10,6,24,12461,25,1,0,0,1,1,0,1,0,0
10,6,25,12462,25,1,0,0,1,1,0,1,0,0
10,6,26,12463,25,1,0,0,1,1,0,1,0,0
10,6,27,12464,25,1,0,0,1,1,0,1,0,0
10,6,28,12465,25,1,0,0,1,1,0,1,0,0
10,6,29,12466,25,1,0,0,1,1,0,1,0,0
10,6,30,12467,25,1,0,0,1,1,0,1,0,0
10,6,31,12468,25,1,0,0,1,1,0,1,0,0
10,6,32,12469,25,1,0,0,1,1,0,1,0,0
10,6,33,15109,1000,1,0,0,1,1,0,1,0,0
10,6,34,15110,1000,1,0,0,1,1,0,1,0,0
10,6,35,2158,200,100,0,0,1,1,0,1,0,0
10,6,36,12306,2,1,0,0,1,1,0,1,80,0
10,4,37,11664,20000,1,0,0,1,1,0,1,0,0
10,4,38,11665,20000,1,0,0,1,1,0,1,0,0
10,4,39,11666,20000,1,0,0,1,1,0,1,0,0
10,4,40,11667,20000,1,0,0,1,1,0,1,0,0
10,4,41,11668,20000,1,0,0,1,1,0,1,0,0
10,4,42,11669,20000,1,0,0,1,1,0,1,0,0
10,4,43,11670,20000,1,0,0,1,1,0,1,0,0
10,4,44,11671,20000,1,0,0,1,1,0,1,0,0
10,4,45,11672,20000,1,0,0,1,1,0,1,0,0
10,4,46,11673,20000,1,0,0,1,1,0,1,0,0
10,4,47,11674,20000,1,0,0,1,1,0,1,0,0
10,4,48,11675,20000,1,0,0,1,1,0,1,0,0
10,4,49,11676,20000,1,0,0,1,1,0,1,0,0
10,4,50,11677,20000,1,0,0,1,1,0,1,0,0
10,4,51,11678,20000,1,0,0,1,1,0,1,0,0
10,4,52,11679,20000,1,0,0,1,1,0,1,0,0
10,4,53,11680,20000,1,0,0,1,1,0,1,0,0
10,4,54,11681,20000,1,0,0,1,1,0,1,0,0
10,4,55,11682,20000,1,0,0,1,1,0,1,0,0
10,4,56,11683,20000,1,0,0,1,1,0,1,0,0
10,4,57,11684,20000,1,0,0,1,1,0,1,0,0
10,4,58,11685,20000,1,0,0,1,1,0,1,0,0
10,4,59,11686,20000,1,0,0,1,1,0,1,0,0
10,4,60,11687,20000,1,0,0,1,1,0,1,0,0
10,4,61,11688,20000,1,0,0,1,1,0,1,0,0
10,4,62,11689,20000,1,0,0,1,1,0,1,0,0
10,4,63,11690,20000,1,0,0,1,1,0,1,0,0
10,4,64,11691,20000,1,0,0,1,1,0,1,0,0
10,4,65,11692,20000,1,0,0,1,1,0,1,0,0
10,4,66,11693,20000,1,0,0,1,1,0,1,0,0
10,4,67,11694,20000,1,0,0,1,1,0,1,0,0
10,4,68,11695,20000,1,0,0,1,1,0,1,0,0
10,4,69,11696,20000,1,0,0,1,1,0,1,0,0
10,4,70,11697,20000,1,0,0,1,1,0,1,0,0
10,4,71,12893,20000,1,0,0,1,1,0,1,0,0
10,4,72,12894,20000,1,0,0,1,1,0,1,0,0
10,4,73,12895,20000,1,0,0,1,1,0,1,0,0
10,4,74,12896,20000,1,0,0,1,1,0,1,0,0
10,4,75,12897,20000,1,0,0,1,1,0,1,0,0
10,4,76,12898,20000,1,0,0,1,1,0,1,0,0
10,4,77,12899,20000,1,0,0,1,1,0,1,0,0
10,4,78,14337,20000,1,0,0,1,1,0,1,0,0
10,4,79,14338,20000,1,0,0,1,1,0,1,0,0
10,4,80,14339,20000,1,0,0,1,1,0,1,0,0
10,4,81,14340,20000,1,0,0,1,1,0,1,0,0
10,4,82,14341,20000,1,0,0,1,1,0,1,0,0
10,4,83,14342,20000,1,0,0,1,1,0,1,0,0
10,4,84,14343,20000,1,0,0,1,1,0,1,0,0
10,4,85,14344,20000,1,0,0,1,1,0,1,0,0
10,4,86,14345,20000,1,0,0,1,1,0,1,0,0
10,4,87,9254,10000,1,0,0,1,1,0,1,0,0
10,4,88,9255,10000,1,0,0,1,1,0,1,0,0
10,4,89,9256,10000,1,0,0,1,1,0,1,0,0
10,4,90,9257,10000,1,0,0,1,1,0,1,0,0
10,4,91,9258,10000,1,0,0,1,1,0,1,0,0
10,4,92,9259,10000,1,0,0,1,1,0,1,0,0
10,4,93,9260,10000,1,0,0,1,1,0,1,0,0
10,4,94,9261,10000,1,0,0,1,1,0,1,0,0
10,4,95,9262,10000,1,0,0,1,1,0,1,0,0
10,4,96,9263,10000,1,0,0,1,1,0,1,0,0
10,4,97,9264,10000,1,0,0,1,1,0,1,0,0
10,4,98,9265,10000,1,0,0,1,1,0,1,0,0
10,4,99,9266,10000,1,0,0,1,1,0,1,0,0
10,4,100,9267,10000,1,0,0,1,1,0,1,0,0
10,4,101,9268,10000,1,0,0,1,1,0,1,0,0
10,4,102,9269,10000,1,0,0,1,1,0,1,0,0
10,4,103,9270,10000,1,0,0,1,1,0,1,0,0
10,4,104,9271,10000,1,0,0,1,1,0,1,0,0
10,4,105,9272,10000,1,0,0,1,1,0,1,0,0
10,4,106,9273,10000,1,0,0,1,1,0,1,0,0
10,4,107,9274,10000,1,0,0,1,1,0,1,0,0
10,4,108,9275,10000,1,0,0,1,1,0,1,0,0
10,4,109,9276,10000,1,0,0,1,1,0,1,0,0
10,4,110,9277,10000,1,0,0,1,1,0,1,0,0
10,4,111,9278,10000,1,0,0,1,1,0,1,0,0
10,4,112,9279,10000,1,0,0,1,1,0,1,0,0
10,4,113,9280,10000,1,0,0,1,1,0,1,0,0
10,4,114,9281,10000,1,0,0,1,1,0,1,0,0
10,4,115,9282,10000,1,0,0,1,1,0,1,0,0
10,4,116,9283,10000,1,0,0,1,1,0,1,0,0
10,4,117,9284,10000,1,0,0,1,1,0,1,0,0
10,4,118,9285,10000,1,0,0,1,1,0,1,0,0
10,4,119,9286,10000,1,0,0,1,1,0,1,0,0
10,4,120,9287,10000,1,0,0,1,1,0,1,0,0
10,4,121,9288,10000,1,0,0,1,1,0,1,0,0
10,4,122,9289,10000,1,0,0,1,1,0,1,0,0
10,4,123,9290,10000,1,0,0,1,1,0,1,0,0
10,4,124,9291,10000,1,0,0,1,1,0,1,0,0
10,4,125,9292,10000,1,0,0,1,1,0,1,0,0
10,4,126,9293,10000,1,0,0,1,1,0,1,0,0
10,4,127,9294,10000,1,0,0,1,1,0,1,0,0
10,4,128,9295,10000,1,0,0,1,1,0,1,0,0
10,4,129,9296,10000,1,0,0,1,1,0,1,0,0
10,4,130,9297,10000,1,0,0,1,1,0,1,0,0
10,4,131,9298,10000,1,0,0,1,1,0,1,0,0
10,4,132,9299,10000,1,0,0,1,1,0,1,0,0
10,4,133,9300,10000,1,0,0,1,1,0,1,0,0
10,4,134,9301,10000,1,0,0,1,1,0,1,0,0
10,4,135,13196,10000,1,0,0,1,1,0,1,0,0
10,4,136,13197,10000,1,0,0,1,1,0,1,0,0
10,4,137,13198,10000,1,0,0,1,1,0,1,0,0
10,4,138,13199,10000,1,0,0,1,1,0,1,0,0
10,4,139,15542,10000,1,0,0,1,1,0,1,0,0
10,4,140,15543,10000,1,0,0,1,1,0,1,0,0
10,4,141,15544,10000,1,0,0,1,1,0,1,0,0
10,4,142,15545,10000,1,0,0,1,1,0,1,0,0
10,4,143,13640,20000,1,0,0,1,1,0,1,0,0
10,4,144,13641,20000,1,0,0,1,1,0,1,0,0
10,4,145,13642,20000,1,0,0,1,1,0,1,0,0
10,4,146,13643,20000,1,0,0,1,1,0,1,0,0
10,4,147,13644,20000,1,0,0,1,1,0,1,0,0
10,4,148,13645,20000,1,0,0,1,1,0,1,0,0
10,4,149,13646,20000,1,0,0,1,1,0,1,0,0
10,4,150,13647,20000,1,0,0,1,1,0,1,0,0
10,4,151,13648,20000,1,0,0,1,1,0,1,0,0
10,4,152,13649,20000,1,0,0,1,1,0,1,0,0
10,4,153,13650,20000,1,0,0,1,1,0,1,0,0
10,4,154,13651,20000,1,0,0,1,1,0,1,0,0
10,4,155,13652,20000,1,0,0,1,1,0,1,0,0
10,4,156,13653,20000,1,0,0,1,1,0,1,0,0
10,4,157,13654,20000,1,0,0,1,1,0,1,0,0
10,4,158,13655,20000,1,0,0,1,1,0,1,0,0
10,4,159,13656,20000,1,0,0,1,1,0,1,0,0
10,4,160,13657,20000,1,0,0,1,1,0,1,0,0
10,4,161,13658,20000,1,0,0,1,1,0,1,0,0
10,4,162,13659,20000,1,0,0,1,1,0,1,0,0
10,4,163,13660,20000,1,0,0,1,1,0,1,0,0
10,4,164,13661,20000,1,0,0,1,1,0,1,0,0
10,4,165,13662,20000,1,0,0,1,1,0,1,0,0
10,4,166,13663,20000,1,0,0,1,1,0,1,0,0
10,4,167,13664,20000,1,0,0,1,1,0,1,0,0
10,4,168,13665,20000,1,0,0,1,1,0,1,0,0
10,4,169,13666,20000,1,0,0,1,1,0,1,0,0
10,4,170,13667,20000,1,0,0,1,1,0,1,0,0
10,4,171,13668,20000,1,0,0,1,1,0,1,0,0
10,4,172,13669,20000,1,0,0,1,1,0,1,0,0
10,4,173,13670,20000,1,0,0,1,1,0,1,0,0
10,4,174,13671,20000,1,0,0,1,1,0,1,0,0
10,4,175,13672,20000,1,0,0,1,1,0,1,0,0
10,4,176,13673,20000,1,0,0,1,1,0,1,0,0
10,4,177,13674,20000,1,0,0,1,1,0,1,0,0
10,4,178,13675,20000,1,0,0,1,1,0,1,0,0
10,4,179,13676,20000,1,0,0,1,1,0,1,0,0
10,4,180,13677,20000,1,0,0,1,1,0,1,0,0
10,4,181,13678,20000,1,0,0,1,1,0,1,0,0
10,4,182,13679,20000,1,0,0,1,1,0,1,0,0
10,4,183,13680,20000,1,0,0,1,1,0,1,0,0
10,4,184,13681,20000,1,0,0,1,1,0,1,0,0
10,4,185,13682,20000,1,0,0,1,1,0,1,0,0
10,4,186,13683,20000,1,0,0,1,1,0,1,0,0
10,4,187,13684,20000,1,0,0,1,1,0,1,0,0
10,4,188,13685,20000,1,0,0,1,1,0,1,0,0
10,4,189,13686,20000,1,0,0,1,1,0,1,0,0
10,4,190,13687,20000,1,0,0,1,1,0,1,0,0
10,4,191,13688,20000,1,0,0,1,1,0,1,0,0
10,4,192,13689,20000,1,0,0,1,1,0,1,0,0
10,4,193,13690,20000,1,0,0,1,1,0,1,0,0
10,4,194,13691,20000,1,0,0,1,1,0,1,0,0
10,4,195,15546,20000,1,0,0,1,1,0,1,0,0
10,4,196,15547,20000,1,0,0,1,1,0,1,0,0
10,4,197,15548,20000,1,0,0,1,1,0,1,0,0
10,4,198,15549,20000,1,0,0,1,1,0,1,0,0
10,4,199,16162,35000,1,0,0,1,1,0,1,0,0
10,4,200,16163,35000,1,0,0,1,1,0,1,0,0
10,4,201,16164,35000,1,0,0,1,1,0,1,0,0
10,4,202,16165,35000,1,0,0,1,1,0,1,0,0
10,4,203,16166,35000,1,0,0,1,1,0,1,0,0
10,4,204,16167,35000,1,0,0,1,1,0,1,0,0
10,4,205,16168,35000,1,0,0,1,1,0,1,0,0
10,4,206,16169,35000,1,0,0,1,1,0,1,0,0
10,4,207,16172,35000,1,0,0,1,1,0,1,0,0
10,4,208,16173,35000,1,0,0,1,1,0,1,0,0
10,4,209,16174,35000,1,0,0,1,1,0,1,0,0
10,4,210,16175,35000,1,0,0,1,1,0,1,0,0
10,4,211,16176,35000,1,0,0,1,1,0,1,0,0
10,4,212,16177,35000,1,0,0,1,1,0,1,0,0
10,4,213,16178,35000,1,0,0,1,1,0,1,0,0
10,4,214,16179,35000,1,0,0,1,1,0,1,0,0
10,4,215,16182,35000,1,0,0,1,1,0,1,0,0
10,4,216,16183,35000,1,0,0,1,1,0,1,0,0
10,4,217,16184,35000,1,0,0,1,1,0,1,0,0
10,4,218,16185,35000,1,0,0,1,1,0,1,0,0
10,4,219,16186,35000,1,0,0,1,1,0,1,0,0
10,4,220,16187,35000,1,0,0,1,1,0,1,0,0
10,4,221,16188,35000,1,0,0,1,1,0,1,0,0
10,4,222,16189,35000,1,0,0,1,1,0,1,0,0
10,4,223,16192,35000,1,0,0,1,1,0,1,0,0
10,4,224,16193,35000,1,0,0,1,1,0,1,0,0
10,4,225,16194,35000,1,0,0,1,1,0,1,0,0
10,4,226,16195,35000,1,0,0,1,1,0,1,0,0
10,4,227,16196,35000,1,0,0,1,1,0,1,0,0
10,4,228,16197,35000,1,0,0,1,1,0,1,0,0
10,4,229,16198,35000,1,0,0,1,1,0,1,0,0
10,4,230,16199,35000,1,0,0,1,1,0,1,0,0
10,4,231,16202,35000,1,0,0,1,1,0,1,0,0
10,4,232,16203,35000,1,0,0,1,1,0,1,0,0
10,4,233,16204,35000,1,0,0,1,1,0,1,0,0
10,4,234,16205,35000,1,0,0,1,1,0,1,0,0
10,4,235,16206,35000,1,0,0,1,1,0,1,0,0
10,4,236,16207,35000,1,0,0,1,1,0,1,0,0
10,4,237,16208,35000,1,0,0,1,1,0,1,0,0
10,4,238,16209,35000,1,0,0,1,1,0,1,0,0
10,4,239,16212,35000,1,0,0,1,1,0,1,0,0
10,4,240,16213,35000,1,0,0,1,1,0,1,0,0
10,4,241,16214,35000,1,0,0,1,1,0,1,0,0
10,4,242,16215,35000,1,0,0,1,1,0,1,0,0
10,4,243,16216,35000,1,0,0,1,1,0,1,0,0
10,4,244,16217,35000,1,0,0,1,1,0,1,0,0
10,4,245,16218,35000,1,0,0,1,1,0,1,0,0
10,4,246,16219,35000,1,0,0,1,1,0,1,0,0
10,4,247,16222,35000,1,0,0,1,1,0,1,0,0
10,4,248,16223,35000,1,0,0,1,1,0,1,0,0
10,4,249,16224,35000,1,0,0,1,1,0,1,0,0
10,4,250,16225,35000,1,0,0,1,1,0,1,0,0
10,4,251,16226,35000,1,0,0,1,1,0,1,0,0
10,4,252,16227,35000,1,0,0,1,1,0,1,0,0
10,4,253,16228,35000,1,0,0,1,1,0,1,0,0
10,4,254,16229,35000,1,0,0,1,1,0,1,0,0
10,4,255,16232,35000,1,0,0,1,1,0,1,0,0
10,4,256,16233,35000,1,0,0,1,1,0,1,0,0
10,4,257,16234,35000,1,0,0,1,1,0,1,0,0
10,4,258,16235,35000,1,0,0,1,1,0,1,0,0
10,4,259,16236,35000,1,0,0,1,1,0,1,0,0
10,4,260,16237,35000,1,0,0,1,1,0,1,0,0
10,4,261,16238,35000,1,0,0,1,1,0,1,0,0
10,4,262,16239,35000,1,0,0,1,1,0,1,0,0
10,4,263,16242,35000,1,0,0,1,1,0,1,0,0
10,4,264,16243,35000,1,0,0,1,1,0,1,0,0
10,4,265,16244,35000,1,0,0,1,1,0,1,0,0
10,4,266,16245,35000,1,0,0,1,1,0,1,0,0
10,4,267,16246,35000,1,0,0,1,1,0,1,0,0
10,4,268,16247,35000,1,0,0,1,1,0,1,0,0
10,4,269,16248,35000,1,0,0,1,1,0,1,0,0
10,4,270,16249,35000,1,0,0,1,1,0,1,0,0
10,4,271,16252,35000,1,0,0,1,1,0,1,0,0
10,4,272,16253,35000,1,0,0,1,1,0,1,0,0
10,4,273,16254,35000,1,0,0,1,1,0,1,0,0
10,4,274,16255,35000,1,0,0,1,1,0,1,0,0
10,4,275,16256,35000,1,0,0,1,1,0,1,0,0
10,4,276,16257,35000,1,0,0,1,1,0,1,0,0
10,4,277,16258,35000,1,0,0,1,1,0,1,0,0
10,4,278,16259,35000,1,0,0,1,1,0,1,0,0
10,4,279,16262,35000,1,0,0,1,1,0,1,0,0
10,4,280,16263,35000,1,0,0,1,1,0,1,0,0
10,4,281,16264,35000,1,0,0,1,1,0,1,0,0
10,4,282,16265,35000,1,0,0,1,1,0,1,0,0
10,4,283,16266,35000,1,0,0,1,1,0,1,0,0
10,4,284,16267,35000,1,0,0,1,1,0,1,0,0
10,4,285,16268,35000,1,0,0,1,1,0,1,0,0
10,4,286,16269,35000,1,0,0,1,1,0,1,0,0
10,4,287,16272,35000,1,0,0,1,1,0,1,0,0
10,4,288,16273,35000,1,0,0,1,1,0,1,0,0
10,4,289,16274,35000,1,0,0,1,1,0,1,0,0
10,4,290,16275,35000,1,0,0,1,1,0,1,0,0
10,4,291,16276,35000,1,0,0,1,1,0,1,0,0
10,4,292,16277,35000,1,0,0,1,1,0,1,0,0
10,4,293,16278,35000,1,0,0,1,1,0,1,0,0
10,4,294,16279,35000,1,0,0,1,1,0,1,0,0
10,4,295,16282,35000,1,0,0,1,1,0,1,0,0
10,4,296,16283,35000,1,0,0,1,1,0,1,0,0
10,4,297,16284,35000,1,0,0,1,1,0,1,0,0
10,4,298,16285,35000,1,0,0,1,1,0,1,0,0
10,4,299,16286,35000,1,0,0,1,1,0,1,0,0
10,4,300,16287,35000,1,0,0,1,1,0,1,0,0
10,4,301,16288,35000,1,0,0,1,1,0,1,0,0
10,4,302,16289,35000,1,0,0,1,1,0,1,0,0
10,4,303,16292,35000,1,0,0,1,1,0,1,0,0
10,4,304,16293,35000,1,0,0,1,1,0,1,0,0
10,4,305,16294,35000,1,0,0,1,1,0,1,0,0
10,4,306,16295,35000,1,0,0,1,1,0,1,0,0
10,4,307,16296,35000,1,0,0,1,1,0,1,0,0
10,4,308,16297,35000,1,0,0,1,1,0,1,0,0
10,4,309,16298,35000,1,0,0,1,1,0,1,0,0
10,4,310,16299,35000,1,0,0,1,1,0,1,0,0
10,8,311,14136,15000,1,0,0,1,1,0,1,0,0
10,8,312,14137,15000,1,0,0,1,1,0,1,0,0
10,8,313,14138,15000,1,0,0,1,1,0,1,0,0
10,8,314,14139,15000,1,0,0,1,1,0,1,0,0
10,8,315,14140,15000,1,0,0,1,1,0,1,0,0
10,8,316,14141,15000,1,0,0,1,1,0,1,0,0
10,8,317,14142,15000,1,0,0,1,1,0,1,0,0
10,8,318,14143,15000,1,0,0,1,1,0,1,0,0
10,8,319,14144,15000,1,0,0,1,1,0,1,0,0
10,8,320,14145,15000,1,0,0,1,1,0,1,0,0
10,8,321,14454,30000,1,0,0,1,1,0,1,0,0
10,8,322,14455,30000,1,0,0,1,1,0,1,0,0
10,8,323,14456,30000,1,0,0,1,1,0,1,0,0
10,8,324,14457,30000,1,0,0,1,1,0,1,0,0
10,8,325,14458,30000,1,0,0,1,1,0,1,0,0
10,8,326,14459,30000,1,0,0,1,1,0,1,0,0
10,8,327,14460,30000,1,0,0,1,1,0,1,0,0
10,8,328,14461,30000,1,0,0,1,1,0,1,0,0
10,8,329,14462,30000,1,0,0,1,1,0,1,0,0
10,8,330,14463,30000,1,0,0,1,1,0,1,0,0
10,8,331,12724,50000,1,0,0,1,1,0,1,0,0
10,8,332,12725,50000,1,0,0,1,1,0,1,0,0
10,8,333,12726,50000,1,0,0,1,1,0,1,0,0
10,8,334,12727,50000,1,0,0,1,1,0,1,0,0
10,8,335,12728,50000,1,0,0,1,1,0,1,0,0
10,8,336,12729,50000,1,0,0,1,1,0,1,0,0
10,8,337,12730,50000,1,0,0,1,1,0,1,0,0
10,8,338,12731,50000,1,0,0,1,1,0,1,0,0
10,8,339,12732,50000,1,0,0,1,1,0,1,0,0
10,8,340,12733,50000,1,0,0,1,1,0,1,0,0
10,8,341,12734,50000,1,0,0,1,1,0,1,0,0
10,8,342,12735,50000,1,0,0,1,1,0,1,0,0
10,8,343,12736,50000,1,0,0,1,1,0,1,0,0
10,8,344,12737,50000,1,0,0,1,1,0,1,0,0
10,8,345,12738,50000,1,0,0,1,1,0,1,0,0
10,8,346,12739,50000,1,0,0,1,1,0,1,0,0
10,8,347,12740,50000,1,0,0,1,1,0,1,0,0
10,8,348,12741,50000,1,0,0,1,1,0,1,0,0
10,8,349,12742,50000,1,0,0,1,1,0,1,0,0
10,8,350,12743,50000,1,0,0,1,1,0,1,0,0
10,8,351,12744,50000,1,0,0,1,1,0,1,0,0
10,8,352,12745,50000,1,0,0,1,1,0,1,0,0
10,8,353,12746,50000,1,0,0,1,1,0,1,0,0
10,8,354,12747,50000,1,0,0,1,1,0,1,0,0
10,8,355,12748,50000,1,0,0,1,1,0,1,0,0
10,8,356,12749,50000,1,0,0,1,1,0,1,0,0
10,8,357,12750,50000,1,0,0,1,1,0,1,0,0
10,8,358,12751,50000,1,0,0,1,1,0,1,0,0
10,8,359,12752,50000,1,0,0,1,1,0,1,0,0
10,8,360,12753,50000,1,0,0,1,1,0,1,0,0
10,8,361,15070,50000,1,0,0,1,1,0,1,0,0
10,8,362,15071,50000,1,0,0,1,1,0,1,0,0
10,8,363,15072,50000,1,0,0,1,1,0,1,0,0
10,8,364,15073,50000,1,0,0,1,1,0,1,0,0
10,8,365,15074,50000,1,0,0,1,1,0,1,0,0
10,8,366,15075,50000,1,0,0,1,1,0,1,0,0
10,8,367,15076,50000,1,0,0,1,1,0,1,0,0
10,8,368,15077,50000,1,0,0,1,1,0,1,0,0
10,8,369,15078,50000,1,0,0,1,1,0,1,0,0
10,8,370,15079,50000,1,0,0,1,1,0,1,0,0
10,8,371,15567,20000,1,0,0,1,1,0,1,0,0
10,8,372,15568,20000,1,0,0,1,1,0,1,0,0
10,8,373,15569,20000,1,0,0,1,1,0,1,0,0
10,8,374,15570,20000,1,0,0,1,1,0,1,0,0
10,8,375,15571,20000,1,0,0,1,1,0,1,0,0
10,8,376,15572,20000,1,0,0,1,1,0,1,0,0
10,8,377,15573,20000,1,0,0,1,1,0,1,0,0
10,8,378,15574,20000,1,0,0,1,1,0,1,0,0
10,8,379,15575,20000,1,0,0,1,1,0,1,0,0
10,8,380,15576,20000,1,0,0,1,1,0,1,0,0
10,8,381,15577,20000,1,0,0,1,1,0,1,0,0
10,8,382,15578,20000,1,0,0,1,1,0,1,0,0
10,8,383,15579,20000,1,0,0,1,1,0,1,0,0
10,8,384,15580,20000,1,0,0,1,1,0,1,0,0
10,8,385,15581,20000,1,0,0,1,1,0,1,0,0
10,8,386,15582,20000,1,0,0,1,1,0,1,0,0
10,8,387,15583,20000,1,0,0,1,1,0,1,0,0
10,8,388,15584,20000,1,0,0,1,1,0,1,0,0
10,8,389,15585,20000,1,0,0,1,1,0,1,0,0
10,8,390,15586,20000,1,0,0,1,1,0,1,0,0
10,8,391,15587,20000,1,0,0,1,1,0,1,0,0
10,8,392,15588,20000,1,0,0,1,1,0,1,0,0
10,8,393,15589,20000,1,0,0,1,1,0,1,0,0
10,8,394,15590,20000,1,0,0,1,1,0,1,0,0
10,8,395,15591,20000,1,0,0,1,1,0,1,0,0
10,8,396,15592,20000,1,0,0,1,1,0,1,0,0
10,8,397,15593,20000,1,0,0,1,1,0,1,0,0
10,8,398,15594,20000,1,0,0,1,1,0,1,0,0
10,8,399,15595,20000,1,0,0,1,1,0,1,0,0
10,8,400,15596,20000,1,0,0,1,1,0,1,0,0
10,8,401,15597,20000,1,0,0,1,1,0,1,0,0
10,8,402,15598,20000,1,0,0,1,1,0,1,0,0
10,8,403,15599,20000,1,0,0,1,1,0,1,0,0
10,8,404,15600,20000,1,0,0,1,1,0,1,0,0
10,8,405,15601,20000,1,0,0,1,1,0,1,0,0
10,8,406,15602,20000,1,0,0,1,1,0,1,0,0
10,8,407,15603,20000,1,0,0,1,1,0,1,0,0
10,8,408,15604,20000,1,0,0,1,1,0,1,0,0
10,8,409,15605,20000,1,0,0,1,1,0,1,0,0
10,8,410,15606,20000,1,0,0,1,1,0,1,0,0
10,8,411,15607,20000,1,0,0,1,1,0,1,0,0
10,8,412,15608,20000,1,0,0,1,1,0,1,0,0
10,8,413,15609,20000,1,0,0,1,1,0,1,0,0
10,8,414,15610,20000,1,0,0,1,1,0,1,0,0
10,8,415,15611,20000,1,0,0,1,1,0,1,0,0
10,8,416,15612,20000,1,0,0,1,1,0,1,0,0
10,8,417,15613,20000,1,0,0,1,1,0,1,0,0
10,8,418,15614,20000,1,0,0,1,1,0,1,0,0
10,8,419,15615,20000,1,0,0,1,1,0,1,0,0
10,8,420,15616,20000,1,0,0,1,1,0,1,0,0
10,8,421,15617,20000,1,0,0,1,1,0,1,0,0
10,8,422,15618,20000,1,0,0,1,1,0,1,0,0
10,8,423,15619,20000,1,0,0,1,1,0,1,0,0
10,8,424,15620,20000,1,0,0,1,1,0,1,0,0
10,8,425,15621,20000,1,0,0,1,1,0,1,0,0
10,8,426,15622,20000,1,0,0,1,1,0,1,0,0
10,8,427,15623,20000,1,0,0,1,1,0,1,0,0
10,8,428,15624,20000,1,0,0,1,1,0,1,0,0
10,8,429,15625,20000,1,0,0,1,1,0,1,0,0
10,8,430,15626,20000,1,0,0,1,1,0,1,0,0
10,8,431,15627,20000,1,0,0,1,1,0,1,0,0
10,8,432,15628,20000,1,0,0,1,1,0,1,0,0
10,8,433,15629,20000,1,0,0,1,1,0,1,0,0
10,8,434,15630,20000,1,0,0,1,1,0,1,0,0
10,8,435,15631,20000,1,0,0,1,1,0,1,0,0
10,8,436,15632,20000,1,0,0,1,1,0,1,0,0
10,8,437,15633,20000,1,0,0,1,1,0,1,0,0
10,8,438,15634,20000,1,0,0,1,1,0,1,0,0
10,8,439,15635,20000,1,0,0,1,1,0,1,0,0
10,8,440,15636,20000,1,0,0,1,1,0,1,0,0
10,8,441,15637,20000,1,0,0,1,1,0,1,0,0
10,8,442,15638,20000,1,0,0,1,1,0,1,0,0
10,8,443,15639,20000,1,0,0,1,1,0,1,0,0
10,8,444,15640,20000,1,0,0,1,1,0,1,0,0
10,8,445,15641,20000,1,0,0,1,1,0,1,0,0
10,8,446,15642,20000,1,0,0,1,1,0,1,0,0
10,8,447,15643,20000,1,0,0,1,1,0,1,0,0
10,8,448,15644,20000,1,0,0,1,1,0,1,0,0
10,8,449,15645,20000,1,0,0,1,1,0,1,0,0
10,8,450,15646,20000,1,0,0,1,1,0,1,0,0
10,8,451,15647,20000,1,0,0,1,1,0,1,0,0
10,8,452,15648,20000,1,0,0,1,1,0,1,0,0
10,8,453,15649,20000,1,0,0,1,1,0,1,0,0
10,8,454,15650,20000,1,0,0,1,1,0,1,0,0
10,8,455,15651,20000,1,0,0,1,1,0,1,0,0
10,8,456,15652,20000,1,0,0,1,1,0,1,0,0
10,8,457,15653,20000,1,0,0,1,1,0,1,0,0
10,8,458,15654,20000,1,0,0,1,1,0,1,0,0
10,8,459,15655,20000,1,0,0,1,1,0,1,0,0
10,8,460,15656,20000,1,0,0,1,1,0,1,0,0
10,8,461,15657,20000,1,0,0,1,1,0,1,0,0
10,8,462,15658,20000,1,0,0,1,1,0,1,0,0
10,8,463,15659,20000,1,0,0,1,1,0,1,0,0
10,8,464,15660,20000,1,0,0,1,1,0,1,0,0
10,8,465,15661,20000,1,0,0,1,1,0,1,0,0
10,8,466,15662,20000,1,0,0,1,1,0,1,0,0
10,8,467,15663,20000,1,0,0,1,1,0,1,0,0
10,8,468,15664,20000,1,0,0,1,1,0,1,0,0
10,8,469,15665,20000,1,0,0,1,1,0,1,0,0
10,8,470,15666,20000,1,0,0,1,1,0,1,0,0
10,8,471,15667,20000,1,0,0,1,1,0,1,0,0
10,8,472,15668,20000,1,0,0,1,1,0,1,0,0
10,8,473,15669,20000,1,0,0,1,1,0,1,0,0
10,8,474,15670,20000,1,0,0,1,1,0,1,0,0
10,8,475,15671,20000,1,0,0,1,1,0,1,0,0
10,8,476,15672,20000,1,0,0,1,1,0,1,0,0
10,8,477,15673,20000,1,0,0,1,1,0,1,0,0
10,8,478,15674,20000,1,0,0,1,1,0,1,0,0
10,8,479,15675,20000,1,0,0,1,1,0,1,0,0
10,8,480,15676,20000,1,0,0,1,1,0,1,0,0
10,8,481,15677,20000,1,0,0,1,1,0,1,0,0
10,8,482,15678,20000,1,0,0,1,1,0,1,0,0
10,8,483,15679,20000,1,0,0,1,1,0,1,0,0
10,8,484,15680,20000,1,0,0,1,1,0,1,0,0
10,8,485,15681,20000,1,0,0,1,1,0,1,0,0
10,8,486,15682,20000,1,0,0,1,1,0,1,0,0
10,8,487,15683,20000,1,0,0,1,1,0,1,0,0
10,8,488,15684,20000,1,0,0,1,1,0,1,0,0
10,8,489,15685,20000,1,0,0,1,1,0,1,0,0
10,8,490,15686,20000,1,0,0,1,1,0,1,0,0
10,8,491,15687,20000,1,0,0,1,1,0,1,0,0
10,8,492,15688,20000,1,0,0,1,1,0,1,0,0
10,8,493,15689,20000,1,0,0,1,1,0,1,0,0
10,8,494,15690,20000,1,0,0,1,1,0,1,0,0
10,8,495,15691,20000,1,0,0,1,1,0,1,0,0
10,8,496,15692,20000,1,0,0,1,1,0,1,0,0
10,8,497,15693,20000,1,0,0,1,1,0,1,0,0
10,8,498,15694,20000,1,0,0,1,1,0,1,0,0
10,8,499,15695,20000,1,0,0,1,1,0,1,0,0
10,8,500,15696,20000,1,0,0,1,1,0,1,0,0
10,8,501,15697,20000,1,0,0,1,1,0,1,0,0
10,8,502,15698,20000,1,0,0,1,1,0,1,0,0
10,8,503,15699,20000,1,0,0,1,1,0,1,0,0
10,8,504,15700,20000,1,0,0,1,1,0,1,0,0
10,8,505,15701,20000,1,0,0,1,1,0,1,0,0
10,8,506,15702,20000,1,0,0,1,1,0,1,0,0
10,8,507,15703,20000,1,0,0,1,1,0,1,0,0
10,8,508,15704,20000,1,0,0,1,1,0,1,0,0
10,8,509,15705,20000,1,0,0,1,1,0,1,0,0
10,8,510,15706,20000,1,0,0,1,1,0,1,0,0
10,8,511,15707,20000,1,0,0,1,1,0,1,0,0
10,8,512,15708,20000,1,0,0,1,1,0,1,0,0
10,8,513,15709,20000,1,0,0,1,1,0,1,0,0
10,8,514,15710,20000,1,0,0,1,1,0,1,0,0
10,8,515,15711,20000,1,0,0,1,1,0,1,0,0
10,8,516,15712,20000,1,0,0,1,1,0,1,0,0
10,8,517,15713,20000,1,0,0,1,1,0,1,0,0
10,8,518,15714,20000,1,0,0,1,1,0,1,0,0
10,8,519,15715,20000,1,0,0,1,1,0,1,0,0
10,8,520,15716,20000,1,0,0,1,1,0,1,0,0
10,8,521,15717,20000,1,0,0,1,1,0,1,0,0
10,8,522,15718,20000,1,0,0,1,1,0,1,0,0
10,8,523,15719,20000,1,0,0,1,1,0,1,0,0
10,8,524,15720,20000,1,0,0,1,1,0,1,0,0
10,8,525,15721,20000,1,0,0,1,1,0,1,0,0
10,8,526,15722,20000,1,0,0,1,1,0,1,0,0
10,8,527,15723,20000,1,0,0,1,1,0,1,0,0
10,8,528,15724,20000,1,0,0,1,1,0,1,0,0
10,8,529,15725,20000,1,0,0,1,1,0,1,0,0
10,8,530,15726,20000,1,0,0,1,1,0,1,0,0
10,8,531,15727,20000,1,0,0,1,1,0,1,0,0
10,8,532,15728,20000,1,0,0,1,1,0,1,0,0
10,8,533,15729,20000,1,0,0,1,1,0,1,0,0
10,8,534,15730,20000,1,0,0,1,1,0,1,0,0
10,8,535,15731,20000,1,0,0,1,1,0,1,0,0
10,8,536,15732,20000,1,0,0,1,1,0,1,0,0
10,8,537,15733,20000,1,0,0,1,1,0,1,0,0
10,8,538,15734,20000,1,0,0,1,1,0,1,0,0
10,8,539,15735,20000,1,0,0,1,1,0,1,0,0
10,8,540,15736,20000,1,0,0,1,1,0,1,0,0
10,8,541,15737,20000,1,0,0,1,1,0,1,0,0
10,8,542,15738,20000,1,0,0,1,1,0,1,0,0
10,8,543,15739,20000,1,0,0,1,1,0,1,0,0
10,8,544,15740,20000,1,0,0,1,1,0,1,0,0
10,8,545,15741,20000,1,0,0,1,1,0,1,0,0
10,8,546,15742,20000,1,0,0,1,1,0,1,0,0
10,8,547,15743,20000,1,0,0,1,1,0,1,0,0
10,8,548,15744,20000,1,0,0,1,1,0,1,0,0
10,8,549,15745,20000,1,0,0,1,1,0,1,0,0
10,8,550,15746,20000,1,0,0,1,1,0,1,0,0
10,8,551,15747,20000,1,0,0,1,1,0,1,0,0
10,8,552,15748,20000,1,0,0,1,1,0,1,0,0
10,8,553,15749,20000,1,0,0,1,1,0,1,0,0
10,8,554,15750,20000,1,0,0,1,1,0,1,0,0
10,8,555,15751,20000,1,0,0,1,1,0,1,0,0
10,8,556,15752,20000,1,0,0,1,1,0,1,0,0
10,8,557,15753,20000,1,0,0,1,1,0,1,0,0
10,8,558,15754,20000,1,0,0,1,1,0,1,0,0
10,8,559,15755,20000,1,0,0,1,1,0,1,0,0
10,8,560,15756,20000,1,0,0,1,1,0,1,0,0
10,8,561,15757,20000,1,0,0,1,1,0,1,0,0
10,8,562,15758,20000,1,0,0,1,1,0,1,0,0
10,8,563,15759,20000,1,0,0,1,1,0,1,0,0
10,8,564,15760,20000,1,0,0,1,1,0,1,0,0
10,8,565,15761,20000,1,0,0,1,1,0,1,0,0
10,8,566,15762,20000,1,0,0,1,1,0,1,0,0
10,8,567,15763,20000,1,0,0,1,1,0,1,0,0
10,8,568,15764,20000,1,0,0,1,1,0,1,0,0
10,8,569,15765,20000,1,0,0,1,1,0,1,0,0
10,8,570,15766,20000,1,0,0,1,1,0,1,0,0
10,8,571,15919,20000,1,0,0,1,1,0,1,0,0
10,8,572,15920,20000,1,0,0,1,1,0,1,0,0
10,8,573,15921,20000,1,0,0,1,1,0,1,0,0
10,8,574,15922,20000,1,0,0,1,1,0,1,0,0
10,8,575,15923,20000,1,0,0,1,1,0,1,0,0
10,8,576,15924,20000,1,0,0,1,1,0,1,0,0
10,8,577,15925,20000,1,0,0,1,1,0,1,0,0
10,8,578,15926,20000,1,0,0,1,1,0,1,0,0
10,8,579,15927,20000,1,0,0,1,1,0,1,0,0
10,8,580,15928,20000,1,0,0,1,1,0,1,0,0
10,8,581,15929,20000,1,0,0,1,1,0,1,0,0
10,8,582,15930,20000,1,0,0,1,1,0,1,0,0
10,8,583,15931,20000,1,0,0,1,1,0,1,0,0
10,8,584,15932,20000,1,0,0,1,1,0,1,0,0
10,8,585,15933,20000,1,0,0,1,1,0,1,0,0
10,8,586,15934,20000,1,0,0,1,1,0,1,0,0
10,8,587,15935,20000,1,0,0,1,1,0,1,0,0
10,8,588,15936,20000,1,0,0,1,1,0,1,0,0
10,8,589,15937,20000,1,0,0,1,1,0,1,0,0
10,8,590,15938,20000,1,0,0,1,1,0,1,0,0
10,8,591,15939,20000,1,0,0,1,1,0,1,0,0
10,8,592,15940,20000,1,0,0,1,1,0,1,0,0
10,8,593,15941,20000,1,0,0,1,1,0,1,0,0
10,8,594,15942,20000,1,0,0,1,1,0,1,0,0
10,8,595,15943,20000,1,0,0,1,1,0,1,0,0
10,8,596,15944,20000,1,0,0,1,1,0,1,0,0
10,8,597,15945,20000,1,0,0,1,1,0,1,0,0
10,8,598,15946,20000,1,0,0,1,1,0,1,0,0
10,8,599,15947,20000,1,0,0,1,1,0,1,0,0
10,8,600,15948,20000,1,0,0,1,1,0,1,0,0
10,8,601,15949,20000,1,0,0,1,1,0,1,0,0
10,8,602,15950,20000,1,0,0,1,1,0,1,0,0
10,8,603,15951,20000,1,0,0,1,1,0,1,0,0
10,8,604,15952,20000,1,0,0,1,1,0,1,0,0
10,8,605,15953,20000,1,0,0,1,1,0,1,0,0
10,8,606,15954,20000,1,0,0,1,1,0,1,0,0
10,8,607,15955,20000,1,0,0,1,1,0,1,0,0
10,8,608,15956,20000,1,0,0,1,1,0,1,0,0
10,8,609,15957,20000,1,0,0,1,1,0,1,0,0
10,8,610,15958,20000,1,0,0,1,1,0,1,0,0
10,8,611,15959,20000,1,0,0,1,1,0,1,0,0
10,8,612,15960,20000,1,0,0,1,1,0,1,0,0
10,8,613,15961,20000,1,0,0,1,1,0,1,0,0
10,8,614,15962,20000,1,0,0,1,1,0,1,0,0
10,8,615,15963,20000,1,0,0,1,1,0,1,0,0
10,8,616,15964,20000,1,0,0,1,1,0,1,0,0
10,8,617,15965,20000,1,0,0,1,1,0,1,0,0
10,8,618,15966,20000,1,0,0,1,1,0,1,0,0
10,8,619,15967,20000,1,0,0,1,1,0,1,0,0
10,8,620,15968,20000,1,0,0,1,1,0,1,0,0
10,7,621,13506,250,1,0,0,1,1,0,1,50,0
10,7,622,15011,250,1,0,0,1,1,0,1,50,0
10,7,623,13636,250,1,0,0,1,1,0,1,50,0
10,7,624,1227,250,1,0,0,1,1,0,1,50,0
10,7,625,15022,250,1,0,0,1,1,0,1,50,0
10,8,626,4407,1000,1,0,0,1,1,0,1,0,0
10,8,627,4408,1000,1,0,0,1,1,0,1,0,0
10,8,628,4409,1000,1,0,0,1,1,0,1,0,0
10,8,629,4410,1000,1,0,0,1,1,0,1,0,0
10,8,630,4411,1000,1,0,0,1,1,0,1,0,0
10,8,631,4412,1000,1,0,0,1,1,0,1,0,0
10,8,632,4413,1000,1,0,0,1,1,0,1,0,0
10,8,633,4414,1000,1,0,0,1,1,0,1,0,0
10,8,634,4823,1000,1,0,0,1,1,0,1,0,0
10,8,635,4824,1000,1,0,0,1,1,0,1,0,0
10,8,636,4825,1000,1,0,0,1,1,0,1,0,0
10,8,637,4826,1000,1,0,0,1,1,0,1,0,0
10,8,638,4827,1000,1,0,0,1,1,0,1,0,0
10,8,639,4828,1000,1,0,0,1,1,0,1,0,0
10,8,640,4829,1000,1,0,0,1,1,0,1,0,0
10,8,641,4830,1000,1,0,0,1,1,0,1,0,0
10,8,642,5194,1000,1,0,0,1,1,0,1,0,0
10,8,643,5195,1000,1,0,0,1,1,0,1,0,0
10,8,644,5196,1000,1,0,0,1,1,0,1,0,0
10,8,645,5197,1000,1,0,0,1,1,0,1,0,0
10,8,646,5198,1000,1,0,0,1,1,0,1,0,0
10,8,647,5199,1000,1,0,0,1,1,0,1,0,0
10,8,648,5200,1000,1,0,0,1,1,0,1,0,0
10,8,649,5201,1000,1,0,0,1,1,0,1,0,0
10,8,650,13630,1000,1,0,0,1,1,0,1,0,0
10,8,651,13631,1000,1,0,0,1,1,0,1,0,0
10,8,652,13632,1000,1,0,0,1,1,0,1,0,0
10,8,653,13633,1000,1,0,0,1,1,0,1,0,0
10,8,654,13634,1000,1,0,0,1,1,0,1,0,0
10,8,655,13635,1000,1,0,0,1,1,0,1,0,0
10,8,656,15103,1000,1,0,0,1,1,0,1,0,0
10,8,657,15104,1000,1,0,0,1,1,0,1,0,0
10,8,658,15105,1000,1,0,0,1,1,0,1,0,0
10,8,659,15106,1000,1,0,0,1,1,0,1,0,0
10,8,660,15107,1000,1,0,0,1,1,0,1,0,0
10,8,661,15108,1000,1,0,0,1,1,0,1,0,0
10,8,662,16459,1000,1,0,0,1,1,0,1,0,0
10,8,663,16460,1000,1,0,0,1,1,0,1,0,0
10,8,664,16461,1000,1,0,0,1,1,0,1,0,0
10,8,665,16462,1000,1,0,0,1,1,0,1,0,0
10,8,666,16463,1000,1,0,0,1,1,0,1,0,0
10,8,667,16464,1000,1,0,0,1,1,0,1,0,0
10,8,668,16465,1000,1,0,0,1,1,0,1,0,0
10,8,669,16466,1000,1,0,0,1,1,0,1,0,0
10,8,670,16467,1000,1,0,0,1,1,0,1,0,0
10,8,671,16468,1000,1,0,0,1,1,0,1,0,0
10,8,672,16469,1000,1,0,0,1,1,0,1,0,0
10,8,673,16470,1000,1,0,0,1,1,0,1,0,0
10,8,674,16471,1000,1,0,0,1,1,0,1,0,0
10,8,675,16472,1000,1,0,0,1,1,0,1,0,0
10,8,676,13416,1000,1,0,0,1,1,0,1,0,0
10,8,677,13417,1000,1,0,0,1,1,0,1,0,0
10,8,678,13418,1000,1,0,0,1,1,0,1,0,0
10,8,679,13419,1000,1,0,0,1,1,0,1,0,0
10,8,680,13420,1000,1,0,0,1,1,0,1,0,0
10,8,681,14283,1000,1,0,0,1,1,0,1,0,0
10,8,682,14284,1000,1,0,0,1,1,0,1,0,0
10,8,683,14285,1000,1,0,0,1,1,0,1,0,0
10,8,684,14286,1000,1,0,0,1,1,0,1,0,0
10,8,685,13182,1000,1,0,0,1,1,0,1,0,0
10,8,686,13507,1000,1,0,0,1,1,0,1,0,0
10,8,687,13981,1000,1,0,0,1,1,0,1,0,0
10,8,688,14744,1000,1,0,0,1,1,0,1,0,0
10,8,689,14893,1000,1,0,0,1,1,0,1,0,0
10,8,690,15785,1000,1,0,0,1,1,0,1,0,0
10,8,691,16419,1000,1,0,0,1,1,0,1,0,0
10,8,692,11470,1000,1,0,0,1,1,0,1,0,0
10,8,693,12512,1000,1,0,0,1,1,0,1,0,0
10,8,694,12884,1000,1,0,0,1,1,0,1,0,0
10,8,695,12513,1000,1,0,0,1,1,0,1,0,0
10,8,696,12514,1000,1,0,0,1,1,0,1,0,0
10,8,697,12515,1000,1,0,0,1,1,0,1,0,0
10,8,698,12516,1000,1,0,0,1,1,0,1,0,0
10,8,699,12517,1000,1,0,0,1,1,0,1,0,0
10,8,700,12518,1000,1,0,0,1,1,0,1,0,0
10,8,701,12519,1000,1,0,0,1,1,0,1,0,0
10,8,702,12520,1000,1,0,0,1,1,0,1,0,0
10,8,703,12521,1000,1,0,0,1,1,0,1,0,0
10,8,704,8179,1000,1,0,0,1,1,0,1,0,0
10,8,705,9704,1000,1,0,0,1,1,0,1,0,0
10,8,706,15448,1000,1,0,0,1,1,0,1,0,0
10,8,707,11162,1000,1,0,0,1,1,0,1,0,0
10,8,708,11163,1000,1,0,0,1,1,0,1,0,0
10,8,709,11164,1000,1,0,0,1,1,0,1,0,0
10,8,710,11165,1000,1,0,0,1,1,0,1,0,0
10,8,711,11661,1000,1,0,0,1,1,0,1,0,0
10,8,712,11662,1000,1,0,0,1,1,0,1,0,0
10,8,713,14639,1000,1,0,0,1,1,0,1,0,0
10,8,714,13607,10,1,0,0,1,1,0,1,0,0
10,7,715,15774,3000,1,0,0,1,1,0,1,100,0
10,7,716,15775,3000,1,0,0,1,1,0,1,100,0
10,7,717,11420,3000,1,0,0,1,1,0,1,100,0
10,7,718,14704,3000,1,0,0,1,1,0,1,100,0
10,7,719,13177,3000,1,0,0,1,1,0,1,100,0
10,7,720,14191,3000,1,0,0,1,1,0,1,100,0
10,7,721,13449,3000,1,0,0,1,1,0,1,100,0
10,7,722,14192,3000,1,0,0,1,1,0,1,100,0
10,7,723,15772,3000,1,0,0,1,1,0,1,100,0
10,7,724,13791,3000,1,0,0,1,1,0,1,100,0
10,7,725,14006,3000,1,0,0,1,1,0,1,100,0
10,7,726,15768,3000,1,0,0,1,1,0,1,100,0
10,7,727,14069,3000,1,0,0,1,1,0,1,100,0
10,7,728,14124,3000,1,0,0,1,1,0,1,100,0
10,7,729,15507,3000,1,0,0,1,1,0,1,100,0
10,7,730,15508,3000,1,0,0,1,1,0,1,100,0
10,7,731,14855,3000,1,0,0,1,1,0,1,100,0
10,7,732,14894,3000,1,0,0,1,1,0,1,100,0
10,7,733,16444,3000,1,0,0,1,1,0,1,100,0
10,7,734,16445,3000,1,0,0,1,1,0,1,100,0
10,7,735,12509,3000,1,0,0,1,1,0,1,100,0
10,7,736,14126,3000,1,0,0,1,1,0,1,100,0
10,7,737,15062,3000,1,0,0,1,1,0,1,100,0
10,7,738,15063,3000,1,0,0,1,1,0,1,100,0
10,7,739,14891,3000,1,0,0,1,1,0,1,100,0
10,7,740,14895,3000,1,0,0,1,1,0,1,100,0
10,7,741,14091,3000,1,0,0,1,1,0,1,100,0
10,7,742,14092,3000,1,0,0,1,1,0,1,100,0
10,7,743,14501,3000,1,0,0,1,1,0,1,100,0
10,7,744,14506,3000,1,0,0,1,1,0,1,100,0
10,7,745,15285,3000,1,0,0,1,1,0,1,100,0
10,7,746,15286,3000,1,0,0,1,1,0,1,100,0
10,7,747,16442,3000,1,0,0,1,1,0,1,100,0
10,7,748,16443,3000,1,0,0,1,1,0,1,100,0
10,7,749,15027,3000,1,0,0,1,1,0,1,100,0
10,7,750,15028,3000,1,0,0,1,1,0,1,100,0
10,7,751,13453,3000,1,0,0,1,1,0,1,100,0
10,7,752,14193,3000,1,0,0,1,1,0,1,100,0
10,7,753,13178,3000,1,0,0,1,1,0,1,100,0
10,7,754,14194,3000,1,0,0,1,1,0,1,100,0
10,7,755,16454,3000,1,0,0,1,1,0,1,100,0
10,7,756,16455,3000,1,0,0,1,1,0,1,100,0
10,7,757,15030,3000,1,0,0,1,1,0,1,100,0
10,7,758,15031,3000,1,0,0,1,1,0,1,100,0
10,7,759,13790,3000,1,0,0,1,1,0,1,100,0
10,7,760,14005,3000,1,0,0,1,1,0,1,100,0
10,7,761,14406,3000,1,0,0,1,1,0,1,100,0
10,7,762,14413,3000,1,0,0,1,1,0,1,100,0
10,7,763,16448,3000,1,0,0,1,1,0,1,100,0
10,7,764,16449,3000,1,0,0,1,1,0,1,100,0
10,7,765,12872,3000,1,0,0,1,1,0,1,100,0
10,7,766,14187,3000,1,0,0,1,1,0,1,100,0
10,7,767,14125,3000,1,0,0,1,1,0,1,100,0
10,7,768,14500,3000,1,0,0,1,1,0,1,100,0
10,7,769,14505,3000,1,0,0,1,1,0,1,100,0
10,7,770,15118,3000,1,0,0,1,1,0,1,100,0
10,7,771,15119,3000,1,0,0,1,1,0,1,100,0
10,7,772,14662,3000,1,0,0,1,1,0,1,100,0
10,7,773,14663,3000,1,0,0,1,1,0,1,100,0
10,7,774,15771,3000,1,0,0,1,1,0,1,100,0
10,7,775,9700,3000,1,0,0,1,1,0,1,100,0
10,7,776,14498,3000,1,0,0,1,1,0,1,100,0
10,7,777,14913,3000,1,0,0,1,1,0,1,100,0
10,7,778,14914,3000,1,0,0,1,1,0,1,100,0
10,7,779,13508,3000,1,0,0,1,1,0,1,100,0
10,7,780,15115,3000,1,0,0,1,1,0,1,100,0
10,7,781,15116,3000,1,0,0,1,1,0,1,100,0
10,7,782,15113,3000,1,0,0,1,1,0,1,100,0
10,7,783,15114,3000,1,0,0,1,1,0,1,100,0
10,7,784,15222,3000,1,0,0,1,1,0,1,100,0
10,7,785,15223,3000,1,0,0,1,1,0,1,100,0
10,7,786,10750,3000,1,0,0,1,1,0,1,100,0
10,7,787,14705,3000,1,0,0,1,1,0,1,100,0
10,7,788,15027,3000,1,0,0,1,1,0,1,100,0
10,7,789,15028,3000,1,0,0,1,1,0,1,100,0
10,7,790,10380,3000,1,0,0,1,1,0,1,100,0
10,7,791,15060,3000,1,0,0,1,1,0,1,100,0
10,7,792,13963,3000,1,0,0,1,1,0,1,100,0
10,7,793,14026,3000,1,0,0,1,1,0,1,100,0
10,7,794,13964,3000,1,0,0,1,1,0,1,100,0
10,7,795,14027,3000,1,0,0,1,1,0,1,100,0
10,7,796,15064,3000,1,0,0,1,1,0,1,100,0
10,7,797,15065,3000,1,0,0,1,1,0,1,100,0
10,7,798,15524,3000,1,0,0,1,1,0,1,100,0
10,7,799,15525,3000,1,0,0,1,1,0,1,100,0
10,7,800,16450,3000,1,0,0,1,1,0,1,100,0
10,7,801,16451,3000,1,0,0,1,1,0,1,100,0
10,7,802,16344,3000,1,0,0,1,1,0,1,100,0
10,7,803,16345,3000,1,0,0,1,1,0,1,100,0
10,7,804,16342,3000,1,0,0,1,1,0,1,100,0
10,7,805,16343,3000,1,0,0,1,1,0,1,100,0
10,7,806,15220,3000,1,0,0,1,1,0,1,100,0
10,7,807,15221,3000,1,0,0,1,1,0,1,100,0
10,7,808,15066,3000,1,0,0,1,1,0,1,100,0
10,7,809,15067,3000,1,0,0,1,1,0,1,100,0
10,7,810,14089,3000,1,0,0,1,1,0,1,100,0
10,7,811,14090,3000,1,0,0,1,1,0,1,100,0
10,7,812,14195,3000,1,0,0,1,1,0,1,100,0
10,7,813,14196,3000,1,0,0,1,1,0,1,100,0
10,7,814,13965,3000,1,0,0,1,1,0,1,100,0
10,7,815,14028,3000,1,0,0,1,1,0,1,100,0
10,7,816,13508,3000,1,0,0,1,1,0,1,100,0
10,7,817,13962,3000,1,0,0,1,1,0,1,100,0
10,7,818,14314,3000,1,0,0,1,1,0,1,100,0
10,7,819,13404,3000,1,0,0,1,1,0,1,100,0
10,7,820,14188,3000,1,0,0,1,1,0,1,100,0
10,7,821,14032,3000,1,0,0,1,1,0,1,100,0
10,7,822,13960,3000,1,0,0,1,1,0,1,100,0
10,7,823,15819,3000,1,0,0,1,1,0,1,100,0
10,7,824,15820,3000,1,0,0,1,1,0,1,100,0
10,7,825,10750,3000,1,0,0,1,1,0,1,100,0
10,7,826,14705,3000,1,0,0,1,1,0,1,100,0
10,7,827,14407,3000,1,0,0,1,1,0,1,100,0
10,7,828,14414,3000,1,0,0,1,1,0,1,100,0
10,7,829,16352,3000,1,0,0,1,1,0,1,100,0
10,7,830,16353,3000,1,0,0,1,1,0,1,100,0
10,7,831,14502,3000,1,0,0,1,1,0,1,100,0
10,7,832,14507,3000,1,0,0,1,1,0,1,100,0
10,7,833,10811,3000,1,0,0,1,1,0,1,100,0
10,7,834,15061,3000,1,0,0,1,1,0,1,100,0
10,7,835,15823,3000,1,0,0,1,1,0,1,100,0
10,7,836,15824,3000,1,0,0,1,1,0,1,100,0
10,7,837,15224,3000,1,0,0,1,1,0,1,100,0
10,7,838,15225,3000,1,0,0,1,1,0,1,100,0
10,7,839,14503,3000,1,0,0,1,1,0,1,100,0
10,7,840,14510,3000,1,0,0,1,1,0,1,100,0
10,7,841,15776,3000,1,0,0,1,1,0,1,100,0
10,7,842,15777,3000,1,0,0,1,1,0,1,100,0
10,7,843,15821,3000,1,0,0,1,1,0,1,100,0
10,7,844,15822,3000,1,0,0,1,1,0,1,100,0
10,7,845,14198,3000,1,0,0,1,1,0,1,100,0
10,7,846,14197,3000,1,0,0,1,1,0,1,100,0
10,7,847,16446,3000,1,0,0,1,1,0,1,100,0
10,7,848,16447,3000,1,0,0,1,1,0,1,100,0
10,7,849,14905,3000,1,0,0,1,1,0,1,100,0
10,7,850,14907,3000,1,0,0,1,1,0,1,100,0
10,7,851,14904,3000,1,0,0,1,1,0,1,100,0
10,7,852,14906,3000,1,0,0,1,1,0,1,100,0
10,7,853,14659,3000,1,0,0,1,1,0,1,100,0
10,7,854,14660,3000,1,0,0,1,1,0,1,100,0
10,7,855,13326,3000,1,0,0,1,1,0,1,100,0
10,7,856,14416,3000,1,0,0,1,1,0,1,100,0
10,7,857,13450,3000,1,0,0,1,1,0,1,100,0
10,7,858,14031,3000,1,0,0,1,1,0,1,100,0
10,7,859,16492,3000,1,0,0,1,1,0,1,100,0
10,7,860,16493,3000,1,0,0,1,1,0,1,100,0
10,8,861,1520,1,1,0,0,1,1,0,1,0,0
10,8,862,7011,1,1,0,0,1,1,0,1,0,0
10,7,863,14299,500,1,0,0,1,1,0,1,20,0
10,7,864,14389,500,1,0,0,1,1,0,1,20,0
10,7,865,15177,500,1,0,0,1,1,0,1,20,0
10,7,866,14537,500,1,0,0,1,1,0,1,20,0
10,7,867,14758,500,1,0,0,1,1,0,1,20,0
10,7,868,14854,500,1,0,0,1,1,0,1,20,0
10,7,869,13974,500,1,0,0,1,1,0,1,20,0
10,7,870,15021,500,1,0,0,1,1,0,1,20,0
10,7,871,15111,500,1,0,0,1,1,0,1,20,0
10,7,872,15226,500,1,0,0,1,1,0,1,20,0
10,7,873,15773,500,1,0,0,1,1,0,1,20,0
10,7,874,15825,500,1,0,0,1,1,0,1,20,0
10,7,875,15827,500,1,0,0,1,1,0,1,20,0
10,7,876,16340,500,1,0,0,1,1,0,1,20,0
10,7,877,16341,500,1,0,0,1,1,0,1,20,0
10,7,878,16457,500,1,0,0,1,1,0,1,20,0
10,7,879,16458,500,1,0,0,1,1,0,1,20,0
10,7,880,11698,250,1,0,0,1,1,0,1,50,0
10,7,881,11700,250,1,0,0,1,1,0,1,50,0
10,8,882,4358,10,1,0,0,1,1,0,1,0,0
10,8,883,7981,1,1,0,0,1,1,0,1,0,0
10,8,884,7267,20,1,0,0,1,1,0,1,0,0
10,8,885,9958,2500,1,0,600,1,1,0,1,0,50
10,8,886,1548,20,1,0,0,1,1,0,1,0,0
10,8,887,1613,20,1,0,0,1,1,0,1,0,0
10,8,888,1026,1,1,0,0,1,1,0,1,0,0
10,8,889,5380,1,1,0,0,1,1,0,1,0,0
10,8,890,11284,15,1,0,0,1,1,0,1,0,0
10,8,891,11285,15,1,0,0,1,1,0,1,0,0
10,8,892,11286,15,1,0,0,1,1,0,1,0,0
10,8,893,10356,500,1,0,0,1,1,0,1,0,0
10,8,894,12511,500,1,0,0,1,1,0,1,0,0
10,8,895,13238,500,1,0,0,1,1,0,1,0,0
10,8,896,1691,1,1,0,0,1,1,0,1,0,0
10,8,897,9708,1,1,0,0,1,1,0,1,0,0
10,8,898,11383,10,1,0,0,1,1,0,1,0,0
10,8,899,11382,10,1,0,0,1,1,0,1,0,0
10,8,900,11381,10,1,0,0,1,1,0,1,0,0
10,7,901,16348,3000,1,0,0,1,1,0,1,100,0
10,8,902,11386,10,1,0,0,1,1,0,1,0,0
10,8,903,5767,1,10000,0,0,1,1,0,1,0,0
10,8,904,5765,1,10000,0,0,1,1,0,1,0,0
10,8,905,5768,1,10000,0,0,1,1,0,1,0,0
10,8,906,14444,10,1,0,0,1,1,0,1,0,0
10,8,907,14443,10,1,0,0,1,1,0,1,0,0
10,8,908,14445,10,1,0,0,1,1,0,1,0,0
10,8,909,15068,500,1,0,0,1,1,0,1,20,0
10,8,910,100,1,10000,0,0,1,1,0,1,0,0
10,8,911,11243,1,1,0,0,1,1,0,1,0,0
10,8,912,101,1,10000,0,0,1,1,0,1,0,0
10,7,913,14368,3000,1,0,0,1,1,0,1,50,0
10,8,914,8943,1,20,0,0,1,1,0,1,0,0
10,8,915,8953,1,20,0,0,1,1,0,1,0,0
10,8,916,13693,1,20,0,0,1,1,0,1,0,0
10,8,917,8949,1,20,0,0,1,1,0,1,0,0
10,8,918,8955,1,20,0,0,1,1,0,1,0,0
10,7,919,6985,499,10,0,0,1,1,0,1,0,0
10,7,920,15209,3000,1,0,0,1,1,0,1,100,0
10,7,921,14201,3000,1,0,0,1,1,0,1,100,0
10,7,922,13432,3000,1,0,0,1,1,0,1,100,0
10,7,923,13451,3000,1,0,0,1,1,0,1,100,0
10,7,924,13023,3000,1,0,0,1,1,0,1,100,0
10,7,925,11420,3000,1,0,0,1,1,0,1,100,0
10,7,926,12853,3000,1,0,0,1,1,0,1,100,0
10,7,927,12505,3000,1,0,0,1,1,0,1,100,0
10,7,928,11438,3000,1,0,0,1,1,0,1,100,0
10,7,929,16452,3000,1,0,0,1,1,0,1,100,0
10,7,930,15207,3000,1,0,0,1,1,0,1,100,0
10,7,931,14408,3000,1,0,0,1,1,0,1,100,0
10,7,932,13792,3000,1,0,0,1,1,0,1,100,0
10,7,933,15521,10000,1,0,0,1,1,0,1,100,0
10,7,934,7210,10000,1,0,0,1,1,0,1,100,0
10,7,935,7211,10000,1,0,0,1,1,0,1,100,0
10,7,936,7212,10000,1,0,0,1,1,0,1,100,0
10,7,937,7213,10000,1,0,0,1,1,0,1,100,0
10,7,938,7214,10000,1,0,0,1,1,0,1,100,0
10,7,939,8901,10000,1,0,0,1,1,0,1,100,0
10,7,940,8902,10000,1,0,0,1,1,0,1,100,0
10,7,941,8903,10000,1,0,0,1,1,0,1,100,0
10,7,942,8904,10000,1,0,0,1,1,0,1,100,0
10,7,943,8905,10000,1,0,0,1,1,0,1,100,0
10,7,944,9354,10000,1,0,0,1,1,0,1,100,0
10,7,945,9355,10000,1,0,0,1,1,0,1,100,0
10,7,946,9356,10000,1,0,0,1,1,0,1,100,0
10,7,947,9357,10000,1,0,0,1,1,0,1,100,0
10,7,948,9358,10000,1,0,0,1,1,0,1,100,0
10,7,949,8552,10000,1,0,0,1,1,0,1,100,0
10,7,950,8553,10000,1,0,0,1,1,0,1,100,0
10,7,951,8555,10000,1,0,0,1,1,0,1,100,0
10,7,952,8556,10000,1,0,0,1,1,0,1,100,0
10,7,953,7201,10000,1,0,0,1,1,0,1,100,0
10,7,954,7202,10000,1,0,0,1,1,0,1,100,0
10,7,955,7203,10000,1,0,0,1,1,0,1,100,0
10,7,956,7204,10000,1,0,0,1,1,0,1,100,0
10,6,957,14390,500,1,0,0,1,1,0,1,0,1
10,7,958,7205,10000,1,0,0,1,1,0,1,100,0
10,7,959,13459,10000,1,0,0,1,1,0,1,100,0
10,7,960,13460,10000,1,0,0,1,1,0,1,100,0
10,7,961,13461,10000,1,0,0,1,1,0,1,100,0
10,7,962,13462,10000,1,0,0,1,1,0,1,100,0
10,7,963,13463,10000,1,0,0,1,1,0,1,100,0
10,7,964,13464,10000,1,0,0,1,1,0,1,100,0
10,7,965,13465,10000,1,0,0,1,1,0,1,100,0
10,7,966,13466,10000,1,0,0,1,1,0,1,100,0
10,7,967,13467,10000,1,0,0,1,1,0,1,100,0
10,7,968,13468,10000,1,0,0,1,1,0,1,100,0
10,7,969,13469,10000,1,0,0,1,1,0,1,100,0
10,7,970,13470,10000,1,0,0,1,1,0,1,100,0
10,7,971,13471,10000,1,0,0,1,1,0,1,100,0
10,7,972,13472,10000,1,0,0,1,1,0,1,100,0
10,7,973,13473,10000,1,0,0,1,1,0,1,100,0
10,7,974,12137,10000,1,0,0,1,1,0,1,100,0
10,7,975,12138,10000,1,0,0,1,1,0,1,100,0
10,7,976,12139,10000,1,0,0,1,1,0,1,100,0
10,7,977,12140,10000,1,0,0,1,1,0,1,100,0
10,7,978,12141,10000,1,0,0,1,1,0,1,100,0
10,7,979,12142,10000,1,0,0,1,1,0,1,100,0
10,7,980,12143,10000,1,0,0,1,1,0,1,100,0
10,7,981,12144,10000,1,0,0,1,1,0,1,100,0
10,7,982,12145,10000,1,0,0,1,1,0,1,100,0
10,7,983,12146,10000,1,0,0,1,1,0,1,100,0
10,7,984,12147,10000,1,0,0,1,1,0,1,100,0
10,7,985,12148,10000,1,0,0,1,1,0,1,100,0
10,7,986,12149,10000,1,0,0,1,1,0,1,100,0
10,7,987,12150,10000,1,0,0,1,1,0,1,100,0
10,7,988,12151,10000,1,0,0,1,1,0,1,100,0
10,7,989,10785,10000,1,0,0,1,1,0,1,100,0
10,7,990,10786,10000,1,0,0,1,1,0,1,100,0
10,7,991,10787,10000,1,0,0,1,1,0,1,100,0
10,7,992,10788,10000,1,0,0,1,1,0,1,100,0
10,7,993,10789,10000,1,0,0,1,1,0,1,100,0
10,7,994,10790,10000,1,0,0,1,1,0,1,100,0
10,7,995,10791,10000,1,0,0,1,1,0,1,100,0
10,7,996,10792,10000,1,0,0,1,1,0,1,100,0
10,7,997,10793,10000,1,0,0,1,1,0,1,100,0
10,7,998,10794,10000,1,0,0,1,1,0,1,100,0
10,7,999,10795,10000,1,0,0,1,1,0,1,100,0
10,7,1000,10796,10000,1,0,0,1,1,0,1,100,0
10,7,1001,10797,10000,1,0,0,1,1,0,1,100,0
10,7,1002,10798,10000,1,0,0,1,1,0,1,100,0
10,7,1003,10799,10000,1,0,0,1,1,0,1,100,0
10,7,1004,7098,10000,1,0,0,1,1,0,1,100,0
10,7,1005,7099,10000,1,0,0,1,1,0,1,100,0
10,7,1006,7100,10000,1,0,0,1,1,0,1,100,0
10,7,1007,7101,10000,1,0,0,1,1,0,1,100,0
10,7,1008,7102,10000,1,0,0,1,1,0,1,100,0
10,7,1009,7103,10000,1,0,0,1,1,0,1,100,0
10,7,1010,7104,10000,1,0,0,1,1,0,1,100,0
10,7,1011,7105,10000,1,0,0,1,1,0,1,100,0
10,7,1012,7106,10000,1,0,0,1,1,0,1,100,0
10,7,1013,7107,10000,1,0,0,1,1,0,1,100,0
10,7,1014,7108,10000,1,0,0,1,1,0,1,100,0
10,7,1015,7109,10000,1,0,0,1,1,0,1,100,0
10,7,1016,7110,10000,1,0,0,1,1,0,1,100,0
10,7,1017,7111,10000,1,0,0,1,1,0,1,100,0
10,7,1018,7112,10000,1,0,0,1,1,0,1,100,0
10,7,1019,5669,10000,1,0,0,1,1,0,1,100,0
10,7,1020,5670,10000,1,0,0,1,1,0,1,100,0
10,7,1021,5671,10000,1,0,0,1,1,0,1,100,0
10,7,1022,5672,10000,1,0,0,1,1,0,1,100,0
10,7,1023,5673,10000,1,0,0,1,1,0,1,100,0
10,7,1024,5659,10000,1,0,0,1,1,0,1,100,0
10,7,1025,5660,10000,1,0,0,1,1,0,1,100,0
10,7,1026,5661,10000,1,0,0,1,1,0,1,100,0
10,7,1027,5662,10000,1,0,0,1,1,0,1,100,0
10,7,1028,5663,10000,1,0,0,1,1,0,1,100,0
10,7,1029,5664,10000,1,0,0,1,1,0,1,100,0
10,7,1030,5665,10000,1,0,0,1,1,0,1,100,0
10,7,1031,5666,10000,1,0,0,1,1,0,1,100,0
10,7,1032,5667,10000,1,0,0,1,1,0,1,100,0
10,7,1033,5668,10000,1,0,0,1,1,0,1,100,0
10,7,1034,5669,10000,1,0,0,1,1,0,1,100,0
10,7,1035,4441,10000,1,0,0,1,1,0,1,100,0
10,7,1036,4442,10000,1,0,0,1,1,0,1,100,0
10,7,1037,4443,10000,1,0,0,1,1,0,1,100,0
10,7,1038,4444,10000,1,0,0,1,1,0,1,100,0
10,7,1039,4445,10000,1,0,0,1,1,0,1,100,0
10,7,1040,4446,10000,1,0,0,1,1,0,1,100,0
10,7,1041,4447,10000,1,0,0,1,1,0,1,100,0
10,7,1042,4448,10000,1,0,0,1,1,0,1,100,0
10,7,1043,4449,10000,1,0,0,1,1,0,1,100,0
10,7,1044,4450,10000,1,0,0,1,1,0,1,100,0
10,7,1045,4451,10000,1,0,0,1,1,0,1,100,0
10,7,1046,4452,10000,1,0,0,1,1,0,1,100,0
10,7,1047,4453,10000,1,0,0,1,1,0,1,100,0
10,7,1048,4454,10000,1,0,0,1,1,0,1,100,0
10,7,1049,4455,10000,1,0,0,1,1,0,1,100,0
10,7,1050,2992,10000,1,0,0,1,1,0,1,100,0
10,7,1051,2993,10000,1,0,0,1,1,0,1,100,0
10,7,1052,2994,10000,1,0,0,1,1,0,1,100,0
10,7,1053,2995,10000,1,0,0,1,1,0,1,100,0
10,7,1054,2996,10000,1,0,0,1,1,0,1,100,0
10,7,1055,2997,10000,1,0,0,1,1,0,1,100,0
10,7,1056,2998,10000,1,0,0,1,1,0,1,100,0
10,7,1057,2999,10000,1,0,0,1,1,0,1,100,0
10,7,1058,3000,10000,1,0,0,1,1,0,1,100,0
10,7,1059,3001,10000,1,0,0,1,1,0,1,100,0
10,7,1060,3002,10000,1,0,0,1,1,0,1,100,0
10,7,1061,3003,10000,1,0,0,1,1,0,1,100,0
10,7,1062,3004,10000,1,0,0,1,1,0,1,100,0
10,7,1063,3005,10000,1,0,0,1,1,0,1,100,0
10,7,1064,3006,10000,1,0,0,1,1,0,1,100,0
10,7,1065,2989,10000,1,0,0,1,1,0,1,100,0
10,7,1066,2990,10000,1,0,0,1,1,0,1,100,0
10,7,1067,2991,10000,1,0,0,1,1,0,1,100,0
10,8,1068,8330,500,1,0,0,1,1,0,1,0,0
10,8,1069,8331,500,1,0,0,1,1,0,1,0,0
10,8,1070,8332,500,1,0,0,1,1,0,1,0,0
10,8,1071,14742,100,1,0,0,1,1,0,1,0,0
10,8,1072,14615,1000,1,0,0,800,1,0,1,80,0
10,8,1073,15267,2500,1,0,0,999,1,0,1,80,0
10,8,1074,15268,2500,1,0,0,999,1,0,1,80,0
10,8,1075,15269,2500,1,0,0,999,1,0,1,80,0
10,8,1076,15271,2500,1,0,0,999,1,0,1,80,0
10,8,1077,15272,2500,1,0,0,999,1,0,1,80,0
10,8,1078,15273,2500,1,0,0,999,1,0,1,80,0
10,8,1079,15274,2500,1,0,0,999,1,0,1,80,0
10,8,1080,15275,2500,1,0,0,999,1,0,1,80,0
10,8,1081,15276,2500,1,0,0,999,1,0,1,80,0
10,8,1082,15277,2500,1,0,0,999,1,0,1,80,0
10,8,1083,15278,2500,1,0,0,999,1,0,1,80,0
10,8,1084,15279,2500,1,0,0,999,1,0,1,80,0
10,8,1085,15280,2500,1,0,0,999,1,0,1,80,0
10,8,1086,15270,2500,1,0,0,999,1,0,1,80,0
10,8,1087,10179,200,1,0,0,1,1,0,1,0,0
10,8,1088,15171,5000,1,0,0,1,1,0,1,50,0
10,4,1089,15530,1000,1,0,0,1,1,0,1,0,0
10,4,1090,15531,1000,1,0,0,1,1,0,1,0,0
10,4,1091,15532,1000,1,0,0,1,1,0,1,0,0
10,4,1092,15533,1000,1,0,0,1,1,0,1,0,0
10,4,1093,15534,1000,1,0,0,1,1,0,1,0,0
10,4,1094,15535,1000,1,0,0,1,1,0,1,0,0
10,4,1095,15536,1000,1,0,0,1,1,0,1,0,0
10,4,1096,15537,1000,1,0,0,1,1,0,1,0,0
10,4,1097,15538,1000,1,0,0,1,1,0,1,0,0
10,4,1098,15539,1000,1,0,0,1,1,0,1,0,0
10,4,1099,15540,1000,1,0,0,1,1,0,1,0,0
10,4,1100,15541,1000,1,0,0,1,1,0,1,0,0
10,8,1101,12881,3000,1,0,0,1,1,0,1,100,0
10,8,1102,12885,3000,1,0,0,1,1,0,1,100,0
10,8,1103,12886,3000,1,0,0,1,1,0,1,100,0
10,8,1104,12887,3000,1,0,0,1,1,0,1,100,0
10,8,1105,12888,3000,1,0,0,1,1,0,1,100,0
10,6,1106,6620,2000,1,0,0,1,1,0,1,0,0
10,8,1107,13360,1000,1,0,0,1,1,0,1,0,0
10,8,1108,13361,1000,1,0,0,1,1,0,1,0,0
10,8,1109,13362,1000,1,0,0,1,1,0,1,0,0
10,8,1110,13363,1000,1,0,0,1,1,0,1,0,0
10,8,1111,13364,1000,1,0,0,1,1,0,1,0,0
10,8,1112,16529,1000,1,0,0,1,1,0,1,0,0
10,8,1113,16530,1000,1,0,0,1,1,0,1,0,0
10,8,1114,16531,1000,1,0,0,1,1,0,1,0,0
10,8,1115,16532,1000,1,0,0,1,1,0,1,0,0
10,8,1116,8030,50,1,0,0,1,1,0,1,0,0
10,6,1117,12306,20000,10000,0,0,1,1,0,1,80,0
10,7,1118,14367,500,1,0,0,1,1,0,1,50,0
10,5,1119,8943,1,1,0,0,1,1,0,1,0,0
10,5,1120,8957,1,1,0,0,1,1,0,1,0,0
10,5,1121,8968,1,1,0,0,1,1,0,1,0,0
10,8,1122,14614,1000,1,0,0,800,1,0,1,80,0
10,1,1123,244,1000,1000,0,0,1,1,0,1,0,0
10,8,1124,8069,100,1,0,0,1,1,0,0,0,0
10,0,1125,4943,200,1,0,0,1,1,0,1,0,0
10,8,1126,5124,1,1,0,0,1,1,0,1,0,0
10,8,1127,5123,1,1,0,0,1,1,0,1,0,0
10,8,1128,5122,1,1,0,0,1,1,0,1,0,0
10,8,1129,5796,1,1,0,0,1,1,0,1,0,0
10,8,1130,5795,1,1,0,0,1,1,0,1,0,0
10,7,1131,16456,500,1,0,0,1,1,0,1,0,0
10,5,1132,16536,10,100,0,0,15,1,0,1,0,0
10,5,1133,16537,10,100,0,0,30,1,0,1,0,0
10,5,1134,16538,10,100,0,0,54,1,0,1,0,0
10,5,1135,16539,10,100,0,0,89,1,0,1,0,0
10,5,1136,16540,10,100,0,0,138,1,0,1,0,0
10,5,1137,16541,10,100,0,0,196,1,0,1,0,0
10,5,1138,16542,10,100,0,0,318,1,0,1,0,0
10,5,1139,16543,10,100,0,0,443,1,0,1,0,0
10,5,1140,16544,10,100,0,0,599,1,0,1,0,0
